{
    "gt_context": [
        0.5,
        1.0,
        0.5,
        0.375,
        0.4411764705882353,
        0.6666666666666666,
        0.3333333333333333,
        0.25,
        0.125,
        1.0,
        0.875,
        0.5,
        0.2222222222222222,
        0.5294117647058824,
        0.6666666666666666,
        0.21428571428571427,
        0.2,
        0.10256410256410256,
        0.09090909090909091,
        0.5454545454545454
    ],
    "context_v2": [
        0.2,
        1.0,
        0.6666666666666666,
        0.5,
        0.0,
        0.3333333333333333,
        0.4,
        0.5454545454545454,
        0.2727272727272727,
        0.3333333333333333,
        0.3157894736842105,
        0.6666666666666666,
        0.125,
        1.0,
        0.5714285714285714,
        0.17647058823529413,
        0.17142857142857143,
        0.09302325581395349,
        0.07407407407407407,
        0.6666666666666666
    ],
    "gt_context_v1": [
        0.25,
        1.0,
        0.5,
        0.6,
        0.28846153846153844,
        0.6666666666666666,
        0.23076923076923078,
        0.75,
        0.25,
        1.0,
        0.4666666666666667,
        0.42857142857142855,
        0.09090909090909091,
        0.3333333333333333,
        0.5,
        0.23076923076923078,
        0.2222222222222222,
        0.0851063829787234,
        0.05128205128205128,
        0.08
    ],
    "context_v2_v1": [
        0.25,
        0.7,
        0.3333333333333333,
        0.6666666666666666,
        0.0,
        0.25,
        0.08108108108108109,
        0.46153846153846156,
        0.23076923076923078,
        0.14285714285714285,
        0.3611111111111111,
        0.45,
        0.09090909090909091,
        0.14285714285714285,
        0.3333333333333333,
        0.1875,
        0.12727272727272726,
        0.07692307692307693,
        0.0425531914893617,
        0.06349206349206349
    ],
    "faithfulness_v1": [
        1.0,
        0.6666666666666667,
        1.0,
        0.5,
        1.0,
        1.0,
        1.0,
        1.0,
        1.0,
        1.0,
        1.0,
        0.875,
        1.0,
        1.0,
        1.0,
        1.0,
        1.0,
        1.0,
        1.0,
        1.0
    ],
    "ungrounded_faithfulness_v1": [
        0.5,
        0.5,
        0.5,
        0.5,
        0.8,
        0.75,
        0.6,
        0.0,
        0.33333333333333337,
        0.0,
        0.5,
        0.0,
        0.5,
        0.6666666666666667,
        0.33333333333333337,
        0.5,
        0.33333333333333337,
        0.6,
        0.6666666666666667,
        0.0
    ]
}