{
    "context_v1_n1": [
        0.2,
        0.5,
        0.3333333333333333,
        0.019230769230769232,
        0.02857142857142857,
        0.3333333333333333,
        0.13333333333333333,
        0.18181818181818182,
        0.18181818181818182,
        0.6666666666666666,
        0.2,
        0.06666666666666667,
        0.05,
        0.10526315789473684,
        0.2857142857142857,
        0.04,
        0.11428571428571428,
        0.022727272727272728,
        0.1111111111111111,
        0.16666666666666666,
        0.05263157894736842,
        0.09090909090909091,
        0.6,
        0.15384615384615385,
        0.125,
        0.4444444444444444,
        0.3333333333333333,
        0.4,
        0.1,
        0.3125,
        0.5,
        0.05263157894736842,
        0.02631578947368421,
        0.1,
        0.08695652173913043,
        0.08163265306122448,
        0.1282051282051282,
        0.034482758620689655,
        0.02564102564102564,
        0.0196078431372549,
        0.09090909090909091,
        0.07142857142857142,
        0.027777777777777776,
        0.6666666666666666,
        0.023255813953488372,
        0.08695652173913043,
        0.02857142857142857,
        0.021739130434782608,
        0.03125,
        0.03125
    ],
    "context_v2_n1": [
        0.07692307692307693,
        0.16666666666666666,
        0.125,
        0.03333333333333333,
        0.02702702702702703,
        0.1111111111111111,
        0.06666666666666667,
        0.09090909090909091,
        0.14285714285714285,
        0.2857142857142857,
        0.10526315789473684,
        0.1,
        0.03571428571428571,
        0.09090909090909091,
        0.26666666666666666,
        0.017857142857142856,
        0.02,
        0.018518518518518517,
        0.08571428571428572,
        0.09523809523809523,
        0.0425531914893617,
        0.09090909090909091,
        0.09090909090909091,
        0.1111111111111111,
        0.07692307692307693,
        0.06666666666666667,
        0.25,
        0.4,
        0.05,
        0.3125,
        0.2222222222222222,
        0.06976744186046512,
        0.021739130434782608,
        0.02,
        0.03225806451612903,
        0.016129032258064516,
        0.11363636363636363,
        0.027777777777777776,
        0.02127659574468085,
        0.018867924528301886,
        0.06666666666666667,
        0.03125,
        0.06,
        0.125,
        0.021739130434782608,
        0.07407407407407407,
        0.23076923076923078,
        0.018518518518518517,
        0.02564102564102564,
        0.023809523809523808
    ],
    "context_v1_n2": [
        0.19450671672821046,
        0.4852102994918823,
        0.3240600824356079,
        0.02719941047521738,
        0.0277681827545166,
        0.2598918279012044,
        0.14923313856124878,
        0.09634101390838622,
        0.17653124982660467,
        0.3241514563560486,
        0.09711455702781678,
        0.07064299583435059,
        0.05422655940055848,
        0.059241875221854756,
        0.329740047454834,
        0.04861692786216736,
        0.13887009450367518,
        0.022113755345344543,
        0.10708036025365193,
        0.162110169728597,
        0.05116774533924303,
        0.13258309526876969,
        0.3887468814849854,
        0.14956610936384934,
        0.24078665673732758,
        0.1902087860637241,
        0.3241964777310689,
        0.38884782791137695,
        0.021705622225999834,
        0.20477882958948612,
        0.4413277506828308,
        0.0731304711417148,
        0.025531429993478873,
        0.024297159910202027,
        0.042519362076469086,
        0.07939521633848852,
        0.12459818369302993,
        0.03351332401407176,
        0.024941610984313183,
        0.019056596008001588,
        0.088353308764371,
        0.038972514016287665,
        0.026996844344668917,
        0.4861600995063782,
        0.022602009218792584,
        0.08457226338593855,
        0.004373588785529137,
        0.02112796513930611,
        0.030371449887752533,
        0.030371449887752533
    ],
    "context_v2_n2": [
        0.07481027566469634,
        1.2130376696586609,
        0.12147536873817444,
        0.01411191076040268,
        0.02626719990292111,
        0.10798737737867567,
        0.011058704182505607,
        0.11331729184497485,
        0.1387031248637608,
        0.12994477578571864,
        0.12797761277148598,
        0.056396538019180306,
        0.03472973193441118,
        0.06806271726434882,
        0.15127353668212892,
        0.017355114221572876,
        0.019437727928161622,
        0.01799789622977928,
        0.0277681827545166,
        0.09263438270205543,
        0.04137603780056568,
        0.0883887301791798,
        0.0073707096955992965,
        0.08338655365837945,
        0.140434035888085,
        0.0647924264272054,
        0.2431473582983017,
        0.29845144748687746,
        0.048594319820404054,
        0.2431059330701828,
        0.2161087989807129,
        0.06462692798570145,
        0.021091181298960808,
        0.06805765748023987,
        0.03135117407768003,
        0.015675587038840016,
        0.0036015719683332873,
        0.026996844344668917,
        0.020678433966129384,
        0.01833747917751096,
        0.0647924264272054,
        0.030371449887752533,
        0.019437727928161622,
        0.12154002487659454,
        0.02112796513930611,
        0.04548675925643356,
        0.024920164010463614,
        0.00046825001913088337,
        0.024920164010463614,
        0.0011358867798532757
    ],
    "context_v1_n2_t0": [
        0.19450671672821046,
        0.4852102994918823,
        0.32393431663513184,
        0.03737764404370235,
        0.0277681827545166,
        0.3240199089050293,
        0.12966722647349038,
        0.08822308887134898,
        0.17653124982660467,
        0.3241514563560486,
        0.29156665205955506,
        0.12967254320780436,
        0.04862524271011353,
        0.10232895299008017,
        0.41667961222784855,
        0.038893542289733886,
        0.13892258065087454,
        0.022113755345344543,
        0.10708036025365193,
        0.162110169728597,
        0.05116774533924303,
        0.0883887301791798,
        0.3887468814849854,
        0.14956093751467192,
        0.7275969833135605,
        0.4319998953077528,
        0.3241964777310689,
        0.38884782791137695,
        0.09721221923828126,
        0.3038700297474861,
        0.486244797706604,
        0.0731304711417148,
        0.025531429993478873,
        0.04861261248588562,
        0.0845380399538123,
        0.07939521633848852,
        0.12459818369302993,
        0.03351332401407176,
        0.0498732939744607,
        0.019056596008001588,
        0.088353308764371,
        0.06947938885007586,
        0.026996844344668917,
        0.3241067330042521,
        0.022602009218792584,
        0.08457226338593855,
        0.3054361292294093,
        0.02112796513930611,
        0.030371449887752533,
        0.030371449887752533
    ],